file_path,style
img/dark/dark (77).jpeg,dark
img/dark/dark (136).jpeg,dark
img/dark/dark (34).jpeg,dark
img/dark/dark (43).jpeg,dark
img/dark/dark (113).jpeg,dark
img/dark/dark (146).jpeg,dark
img/dark/dark (66).jpeg,dark
img/dark/dark (208).jpeg,dark
img/dark/dark (205).jpeg,dark
img/dark/dark (156).jpeg,dark
img/dark/dark (12).jpeg,dark
img/dark/dark (10).jpeg,dark
img/dark/dark (64).jpeg,dark
img/dark/dark (24).jpeg,dark
img/dark/dark (162).jpeg,dark
img/dark/dark (82).jpeg,dark
img/dark/dark (197).jpeg,dark
img/dark/dark (150).jpeg,dark
img/dark/dark (73).jpeg,dark
img/dark/dark (37).jpeg,dark
img/dark/dark (67).jpeg,dark
img/dark/dark (110).jpeg,dark
img/dark/dark (79).jpeg,dark
img/dark/dark (19).jpeg,dark
img/dark/dark (163).jpeg,dark
img/dark/dark (159).jpeg,dark
img/dark/dark (123).jpeg,dark
img/dark/dark (200).jpeg,dark
img/dark/dark (121).jpeg,dark
img/dark/dark (21).jpeg,dark
img/dark/dark (31).jpeg,dark
img/dark/dark (215).jpeg,dark
img/dark/dark (142).jpeg,dark
img/dark/dark (161).jpeg,dark
img/dark/dark (193).jpeg,dark
img/dark/dark (80).jpeg,dark
img/dark/dark (167).jpeg,dark
img/dark/dark (107).jpeg,dark
img/dark/dark (23).jpeg,dark
img/dark/dark (29).jpeg,dark
img/dark/dark (133).jpeg,dark
img/dark/dark (181).jpeg,dark
img/dark/dark (213).jpeg,dark
img/dark/dark (199).jpeg,dark
img/dark/dark (182).jpeg,dark
img/dark/dark (130).jpeg,dark
img/dark/dark (128).jpeg,dark
img/dark/dark (117).jpeg,dark
img/dark/dark (28).jpeg,dark
img/dark/dark (148).jpeg,dark
img/dark/dark (129).jpeg,dark
img/dark/dark (165).jpeg,dark
img/dark/dark (219).jpeg,dark
img/dark/dark (17).jpeg,dark
img/dark/dark (106).jpeg,dark
img/dark/dark (32).jpeg,dark
img/dark/dark (217).jpeg,dark
img/dark/dark (178).jpeg,dark
img/dark/dark (13).jpeg,dark
img/dark/dark (75).jpeg,dark
img/dark/dark (173).jpeg,dark
img/dark/dark (116).jpeg,dark
img/dark/dark (40).jpeg,dark
img/dark/dark (138).jpeg,dark
img/dark/dark (46).jpeg,dark
img/dark/dark (39).jpeg,dark
img/dark/dark (158).jpeg,dark
img/dark/dark (30).jpeg,dark
img/dark/dark (135).jpeg,dark
img/dark/dark (194).jpeg,dark
img/dark/dark (25).jpeg,dark
img/dark/dark (114).jpeg,dark
img/dark/dark (15).jpeg,dark
img/dark/dark (177).jpeg,dark
img/dark/dark (83).jpeg,dark
img/dark/dark (47).jpeg,dark
img/dark/dark (168).jpeg,dark
img/dark/dark (2).jpeg,dark
img/dark/dark (18).jpeg,dark
img/dark/dark (125).jpeg,dark
img/dark/dark (211).jpeg,dark
img/dark/dark (58).jpeg,dark
img/dark/dark (14).jpeg,dark
img/dark/dark (204).jpeg,dark
img/dark/dark (171).jpeg,dark
img/dark/dark (59).jpeg,dark
img/dark/dark (112).jpeg,dark
img/dark/dark (50).jpeg,dark
img/dark/dark (27).jpeg,dark
img/dark/dark (84).jpeg,dark
img/dark/dark (109).jpeg,dark
img/dark/dark (8).jpeg,dark
img/dark/dark (48).jpeg,dark
img/dark/dark (203).jpeg,dark
img/dark/dark (6).jpeg,dark
img/dark/dark (63).jpeg,dark
img/dark/dark (191).jpeg,dark
img/dark/dark (5).jpeg,dark
img/dark/dark (42).jpeg,dark
img/dark/dark (169).jpeg,dark
img/dark/dark (4).jpeg,dark
img/dark/dark (69).jpeg,dark
img/dark/dark (9).jpeg,dark
img/dark/dark (74).jpeg,dark
img/dark/dark (54).jpeg,dark
img/dark/dark (145).jpeg,dark
img/dark/dark (172).jpeg,dark
img/dark/dark (183).jpeg,dark
img/dark/dark (155).jpeg,dark
img/dark/dark (212).jpeg,dark
img/dark/dark (196).jpeg,dark
img/dark/dark (62).jpeg,dark
img/dark/dark (44).jpeg,dark
img/dark/dark (126).jpeg,dark
img/dark/dark (192).jpeg,dark
img/dark/dark (157).jpeg,dark
img/dark/dark (176).jpeg,dark
img/dark/dark (52).jpeg,dark
img/dark/dark (120).jpeg,dark
img/dark/dark (56).jpeg,dark
img/dark/dark (70).jpeg,dark
img/dark/dark (152).jpeg,dark
img/dark/dark (3).jpeg,dark
img/dark/dark (189).jpeg,dark
img/dark/dark (153).jpeg,dark
img/dark/dark (195).jpeg,dark
img/dark/dark (57).jpeg,dark
img/dark/dark (33).jpeg,dark
img/dark/dark (118).jpeg,dark
img/dark/dark (60).jpeg,dark
img/dark/dark (160).jpeg,dark
img/dark/dark (51).jpeg,dark
img/dark/dark (184).jpeg,dark
img/dark/dark (35).jpeg,dark
img/dark/dark (207).jpeg,dark
img/dark/dark (38).jpeg,dark
img/dark/dark (76).jpeg,dark
img/dark/dark (143).jpeg,dark
img/dark/dark (206).jpeg,dark
img/dark/dark (1).jpeg,dark
img/dark/dark (202).jpeg,dark
img/dark/dark (127).jpeg,dark
img/dark/dark (164).jpeg,dark
img/dark/dark (139).jpeg,dark
img/dark/dark (124).jpeg,dark
img/dark/dark (115).jpeg,dark
img/dark/dark (137).jpeg,dark
img/dark/dark (170).jpeg,dark
img/dark/dark (111).jpeg,dark
img/dark/dark (68).jpeg,dark
img/dark/dark (22).jpeg,dark
img/dark/dark (119).jpeg,dark
img/dark/dark (154).jpeg,dark
img/dark/dark (214).jpeg,dark
img/dark/dark (132).jpeg,dark
img/dark/dark (78).jpeg,dark
img/dark/dark (49).jpeg,dark
img/dark/dark (174).jpeg,dark
img/dark/dark (36).jpeg,dark
img/dark/dark (141).jpeg,dark
img/dark/dark (26).jpeg,dark
img/dark/dark (179).jpeg,dark
img/dark/dark (185).jpeg,dark
img/dark/dark (166).jpeg,dark
img/dark/dark (210).jpeg,dark
img/dark/dark (216).jpeg,dark
img/dark/dark (81).jpeg,dark
img/dark/dark (198).jpeg,dark
img/dark/dark (61).jpeg,dark
img/dark/dark (220).jpeg,dark
img/dark/dark (53).jpeg,dark
img/dark/dark (72).jpeg,dark
img/dark/dark (131).jpeg,dark
img/dark/dark (108).jpeg,dark
img/dark/dark (45).jpeg,dark
img/dark/dark (20).jpeg,dark
img/dark/dark (122).jpeg,dark
img/dark/dark (188).jpeg,dark
img/dark/dark (16).jpeg,dark
img/dark/dark (209).jpeg,dark
img/dark/dark (218).jpeg,dark
img/dark/dark (149).jpeg,dark
img/dark/dark (180).jpeg,dark
img/dark/dark (55).jpeg,dark
img/dark/dark (41).jpeg,dark
img/dark/dark (144).jpeg,dark
img/dark/dark (151).jpeg,dark
img/dark/dark (7).jpeg,dark
img/dark/dark (190).jpeg,dark
img/dark/dark (134).jpeg,dark
img/dark/dark (11).jpeg,dark
img/dark/dark (71).jpeg,dark
img/dark/dark (140).jpeg,dark
img/dark/dark (186).jpeg,dark
img/dark/dark (201).jpeg,dark
img/dark/dark (147).jpeg,dark
img/dark/dark (187).jpeg,dark
img/dark/dark (65).jpeg,dark
img/dark/dark (175).jpeg,dark
img/neon/neon (1).jpeg,neon
img/neon/neon (64).jpeg,neon
img/neon/neon (87).jpeg,neon
img/neon/neon (101).jpeg,neon
img/neon/neon (121).jpeg,neon
img/neon/neon (103).jpeg,neon
img/neon/neon (120).jpeg,neon
img/neon/neon (24).jpeg,neon
img/neon/neon (2).jpeg,neon
img/neon/neon (128).jpeg,neon
img/neon/neon (32).jpeg,neon
img/neon/neon (84).jpeg,neon
img/neon/neon (54).jpeg,neon
img/neon/neon (31).jpeg,neon
img/neon/neon (50).jpeg,neon
img/neon/neon (42).jpeg,neon
img/neon/neon (117).jpeg,neon
img/neon/neon (6).jpeg,neon
img/neon/neon (45).jpeg,neon
img/neon/neon (95).jpeg,neon
img/neon/neon (98).jpeg,neon
img/neon/neon (131).jpeg,neon
img/neon/neon (39).jpeg,neon
img/neon/neon (4).jpeg,neon
img/neon/neon (65).jpeg,neon
img/neon/neon (28).jpeg,neon
img/neon/neon (73).jpeg,neon
img/neon/neon (90).jpeg,neon
img/neon/neon (16).jpeg,neon
img/neon/neon (82).jpeg,neon
img/neon/neon (68).jpeg,neon
img/neon/neon (83).jpeg,neon
img/neon/neon (46).jpeg,neon
img/neon/neon (48).jpeg,neon
img/neon/neon (89).jpeg,neon
img/neon/neon (14).jpeg,neon
img/neon/neon (53).jpeg,neon
img/neon/neon (3).jpeg,neon
img/neon/neon (59).jpeg,neon
img/neon/neon (100).jpeg,neon
img/neon/neon (71).jpeg,neon
img/neon/neon (122).jpeg,neon
img/neon/neon (55).jpeg,neon
img/neon/neon (8).jpeg,neon
img/neon/neon (91).jpeg,neon
img/neon/neon (25).jpeg,neon
img/neon/neon (13).jpeg,neon
img/neon/neon (75).jpeg,neon
img/neon/neon (18).jpeg,neon
img/neon/neon (125).jpeg,neon
img/neon/neon (60).jpeg,neon
img/neon/neon (26).jpeg,neon
img/neon/neon (79).jpeg,neon
img/neon/neon (96).jpeg,neon
img/neon/neon (109).jpeg,neon
img/neon/neon (110).jpeg,neon
img/neon/neon (70).jpeg,neon
img/neon/neon (88).jpeg,neon
img/neon/neon (72).jpeg,neon
img/neon/neon (77).jpeg,neon
img/neon/neon (52).jpeg,neon
img/neon/neon (47).jpeg,neon
img/neon/neon (119).jpeg,neon
img/neon/neon (12).jpeg,neon
img/neon/neon (29).jpeg,neon
img/neon/neon (17).jpeg,neon
img/neon/neon (63).jpeg,neon
img/neon/neon (33).jpeg,neon
img/neon/neon (66).jpeg,neon
img/neon/neon (58).jpeg,neon
img/neon/neon (49).jpeg,neon
img/neon/neon (81).jpeg,neon
img/neon/neon (86).jpeg,neon
img/neon/neon (97).jpeg,neon
img/neon/neon (118).jpeg,neon
img/neon/neon (21).jpeg,neon
img/neon/neon (62).jpeg,neon
img/neon/neon (20).jpeg,neon
img/neon/neon (106).jpeg,neon
img/neon/neon (85).jpeg,neon
img/neon/neon (104).jpeg,neon
img/neon/neon (115).jpeg,neon
img/neon/neon (9).jpeg,neon
img/neon/neon (92).jpeg,neon
img/neon/neon (5).jpeg,neon
img/neon/neon (67).jpeg,neon
img/neon/neon (38).jpeg,neon
img/neon/neon (11).jpeg,neon
img/neon/neon (74).jpeg,neon
img/neon/neon (69).jpeg,neon
img/neon/neon (124).jpeg,neon
img/neon/neon (35).jpeg,neon
img/neon/neon (102).jpeg,neon
img/neon/neon (44).jpeg,neon
img/neon/neon (78).jpeg,neon
img/neon/neon (10).jpeg,neon
img/neon/neon (51).jpeg,neon
img/neon/neon (94).jpeg,neon
img/neon/neon (116).jpeg,neon
img/neon/neon (129).jpeg,neon
img/neon/neon (127).jpeg,neon
img/neon/neon (80).jpeg,neon
img/neon/neon (27).jpeg,neon
img/neon/neon (15).jpeg,neon
img/neon/neon (40).jpeg,neon
img/neon/neon (93).jpeg,neon
img/neon/neon (111).jpeg,neon
img/neon/neon (34).jpeg,neon
img/neon/neon (61).jpeg,neon
img/neon/neon (19).jpeg,neon
img/neon/neon (108).jpeg,neon
img/neon/neon (37).jpeg,neon
img/neon/neon (126).jpeg,neon
img/neon/neon (114).jpeg,neon
img/neon/neon (7).jpeg,neon
img/neon/neon (123).jpeg,neon
img/neon/neon (56).jpeg,neon
img/neon/neon (99).jpeg,neon
img/neon/neon (41).jpeg,neon
img/neon/neon (105).jpeg,neon
img/neon/neon (36).jpeg,neon
img/neon/neon (43).jpeg,neon
img/neon/neon (113).jpeg,neon
img/neon/neon (57).jpeg,neon
img/neon/neon (30).jpeg,neon
img/neon/neon (22).jpeg,neon
img/neon/neon (107).jpeg,neon
img/neon/neon (76).jpeg,neon
img/neon/neon (112).jpeg,neon
img/neon/neon (23).jpeg,neon
img/pagan/pagan (142).jpeg,pagan
img/pagan/pagan (35).jpeg,pagan
img/pagan/pagan (61).jpeg,pagan
img/pagan/pagan (195).jpeg,pagan
img/pagan/pagan (125).jpeg,pagan
img/pagan/pagan (144).jpeg,pagan
img/pagan/pagan (33).jpeg,pagan
img/pagan/pagan (85).jpeg,pagan
img/pagan/pagan (169).jpeg,pagan
img/pagan/pagan (13).jpeg,pagan
img/pagan/pagan (93).jpeg,pagan
img/pagan/pagan (143).jpeg,pagan
img/pagan/pagan (180).jpeg,pagan
img/pagan/pagan (12).jpeg,pagan
img/pagan/pagan (175).jpeg,pagan
img/pagan/pagan (199).jpeg,pagan
img/pagan/pagan (66).jpeg,pagan
img/pagan/pagan (75).jpeg,pagan
img/pagan/pagan (59).jpeg,pagan
img/pagan/pagan (154).jpeg,pagan
img/pagan/pagan (69).jpeg,pagan
img/pagan/pagan (159).jpeg,pagan
img/pagan/pagan (38).jpeg,pagan
img/pagan/pagan (72).jpeg,pagan
img/pagan/pagan (4).jpeg,pagan
img/pagan/pagan (80).jpeg,pagan
img/pagan/pagan (79).jpeg,pagan
img/pagan/pagan (5).jpeg,pagan
img/pagan/pagan (29).jpeg,pagan
img/pagan/pagan (133).jpeg,pagan
img/pagan/pagan (110).jpeg,pagan
img/pagan/pagan (112).jpeg,pagan
img/pagan/pagan (99).jpeg,pagan
img/pagan/pagan (117).jpeg,pagan
img/pagan/pagan (83).jpeg,pagan
img/pagan/pagan (46).jpeg,pagan
img/pagan/pagan (203).jpeg,pagan
img/pagan/pagan (65).jpeg,pagan
img/pagan/pagan (185).jpeg,pagan
img/pagan/pagan (89).jpeg,pagan
img/pagan/pagan (87).jpeg,pagan
img/pagan/pagan (182).jpeg,pagan
img/pagan/pagan (97).jpeg,pagan
img/pagan/pagan (51).jpeg,pagan
img/pagan/pagan (101).jpeg,pagan
img/pagan/pagan (183).jpeg,pagan
img/pagan/pagan (8).jpeg,pagan
img/pagan/pagan (150).jpeg,pagan
img/pagan/pagan (7).jpeg,pagan
img/pagan/pagan (145).jpeg,pagan
img/pagan/pagan (34).jpeg,pagan
img/pagan/pagan (136).jpeg,pagan
img/pagan/pagan (205).jpeg,pagan
img/pagan/pagan (164).jpeg,pagan
img/pagan/pagan (211).jpeg,pagan
img/pagan/pagan (96).jpeg,pagan
img/pagan/pagan (120).jpeg,pagan
img/pagan/pagan (202).jpeg,pagan
img/pagan/pagan (193).jpeg,pagan
img/pagan/pagan (53).jpeg,pagan
img/pagan/pagan (40).jpeg,pagan
img/pagan/pagan (109).jpeg,pagan
img/pagan/pagan (32).jpeg,pagan
img/pagan/pagan (152).jpeg,pagan
img/pagan/pagan (176).jpeg,pagan
img/pagan/pagan (49).jpeg,pagan
img/pagan/pagan (200).jpeg,pagan
img/pagan/pagan (166).jpeg,pagan
img/pagan/pagan (153).jpeg,pagan
img/pagan/pagan (88).jpeg,pagan
img/pagan/pagan (171).jpeg,pagan
img/pagan/pagan (64).jpeg,pagan
img/pagan/pagan (57).jpeg,pagan
img/pagan/pagan (103).jpeg,pagan
img/pagan/pagan (10).jpeg,pagan
img/pagan/pagan (9).jpeg,pagan
img/pagan/pagan (184).jpeg,pagan
img/pagan/pagan (14).jpeg,pagan
img/pagan/pagan (191).jpeg,pagan
img/pagan/pagan (198).jpeg,pagan
img/pagan/pagan (204).jpeg,pagan
img/pagan/pagan (22).jpeg,pagan
img/pagan/pagan (163).jpeg,pagan
img/pagan/pagan (115).jpeg,pagan
img/pagan/pagan (48).jpeg,pagan
img/pagan/pagan (131).jpeg,pagan
img/pagan/pagan (213).jpeg,pagan
img/pagan/pagan (160).jpeg,pagan
img/pagan/pagan (19).jpeg,pagan
img/pagan/pagan (190).jpeg,pagan
img/pagan/pagan (201).jpeg,pagan
img/pagan/pagan (58).jpeg,pagan
img/pagan/pagan (91).jpeg,pagan
img/pagan/pagan (39).jpeg,pagan
img/pagan/pagan (116).jpeg,pagan
img/pagan/pagan (50).jpeg,pagan
img/pagan/pagan (127).jpeg,pagan
img/pagan/pagan (104).jpeg,pagan
img/pagan/pagan (17).jpeg,pagan
img/pagan/pagan (147).jpeg,pagan
img/pagan/pagan (214).jpeg,pagan
img/pagan/pagan (148).jpeg,pagan
img/pagan/pagan (170).jpeg,pagan
img/pagan/pagan (68).jpeg,pagan
img/pagan/pagan (84).jpeg,pagan
img/pagan/pagan (146).jpeg,pagan
img/pagan/pagan (45).jpeg,pagan
img/pagan/pagan (77).jpeg,pagan
img/pagan/pagan (78).jpeg,pagan
img/pagan/pagan (156).jpeg,pagan
img/pagan/pagan (129).jpeg,pagan
img/pagan/pagan (149).jpeg,pagan
img/pagan/pagan (168).jpeg,pagan
img/pagan/pagan (157).jpeg,pagan
img/pagan/pagan (134).jpeg,pagan
img/pagan/pagan (56).jpeg,pagan
img/pagan/pagan (208).jpeg,pagan
img/pagan/pagan (186).jpeg,pagan
img/pagan/pagan (209).jpeg,pagan
img/pagan/pagan (197).jpeg,pagan
img/pagan/pagan (71).jpeg,pagan
img/pagan/pagan (177).jpeg,pagan
img/pagan/pagan (42).jpeg,pagan
img/pagan/pagan (20).jpeg,pagan
img/pagan/pagan (187).jpeg,pagan
img/pagan/pagan (132).jpeg,pagan
img/pagan/pagan (86).jpeg,pagan
img/pagan/pagan (54).jpeg,pagan
img/pagan/pagan (70).jpeg,pagan
img/pagan/pagan (188).jpeg,pagan
img/pagan/pagan (206).jpeg,pagan
img/pagan/pagan (1).jpeg,pagan
img/pagan/pagan (67).jpeg,pagan
img/pagan/pagan (123).jpeg,pagan
img/pagan/pagan (16).jpeg,pagan
img/pagan/pagan (181).jpeg,pagan
img/pagan/pagan (90).jpeg,pagan
img/pagan/pagan (192).jpeg,pagan
img/pagan/pagan (15).jpeg,pagan
img/pagan/pagan (55).jpeg,pagan
img/pagan/pagan (100).jpeg,pagan
img/pagan/pagan (24).jpeg,pagan
img/pagan/pagan (138).jpeg,pagan
img/pagan/pagan (107).jpeg,pagan
img/pagan/pagan (28).jpeg,pagan
img/pagan/pagan (25).jpeg,pagan
img/pagan/pagan (122).jpeg,pagan
img/pagan/pagan (173).jpeg,pagan
img/pagan/pagan (111).jpeg,pagan
img/pagan/pagan (92).jpeg,pagan
img/pagan/pagan (41).jpeg,pagan
img/pagan/pagan (23).jpeg,pagan
img/pagan/pagan (105).jpeg,pagan
img/pagan/pagan (165).jpeg,pagan
img/pagan/pagan (174).jpeg,pagan
img/pagan/pagan (121).jpeg,pagan
img/pagan/pagan (194).jpeg,pagan
img/pagan/pagan (141).jpeg,pagan
img/pagan/pagan (167).jpeg,pagan
img/pagan/pagan (27).jpeg,pagan
img/pagan/pagan (60).jpeg,pagan
img/pagan/pagan (118).jpeg,pagan
img/pagan/pagan (31).jpeg,pagan
img/pagan/pagan (73).jpeg,pagan
img/pagan/pagan (47).jpeg,pagan
img/pagan/pagan (62).jpeg,pagan
img/pagan/pagan (21).jpeg,pagan
img/pagan/pagan (44).jpeg,pagan
img/pagan/pagan (178).jpeg,pagan
img/pagan/pagan (137).jpeg,pagan
img/pagan/pagan (2).jpeg,pagan
img/pagan/pagan (6).jpeg,pagan
img/pagan/pagan (113).jpeg,pagan
img/pagan/pagan (189).jpeg,pagan
img/pagan/pagan (196).jpeg,pagan
img/pagan/pagan (128).jpeg,pagan
img/pagan/pagan (52).jpeg,pagan
img/pagan/pagan (124).jpeg,pagan
img/pagan/pagan (95).jpeg,pagan
img/pagan/pagan (36).jpeg,pagan
img/pagan/pagan (210).jpeg,pagan
img/pagan/pagan (82).jpeg,pagan
img/pagan/pagan (140).jpeg,pagan
img/pagan/pagan (63).jpeg,pagan
img/pagan/pagan (26).jpeg,pagan
img/pagan/pagan (106).jpeg,pagan
img/pagan/pagan (43).jpeg,pagan
img/pagan/pagan (207).jpeg,pagan
img/pagan/pagan (94).jpeg,pagan
img/pagan/pagan (74).jpeg,pagan
img/pagan/pagan (179).jpeg,pagan
img/pagan/pagan (114).jpeg,pagan
img/pagan/pagan (212).jpeg,pagan
img/pagan/pagan (98).jpeg,pagan
img/pagan/pagan (108).jpeg,pagan
img/pagan/pagan (30).jpeg,pagan
img/pagan/pagan (139).jpeg,pagan
img/pagan/pagan (158).jpeg,pagan
img/pagan/pagan (155).jpeg,pagan
img/pagan/pagan (130).jpeg,pagan
img/pagan/pagan (3).jpeg,pagan
img/pagan/pagan (37).jpeg,pagan
img/pagan/pagan (172).jpeg,pagan
img/pagan/pagan (135).jpeg,pagan
img/pagan/pagan (102).jpeg,pagan
img/pagan/pagan (126).jpeg,pagan
img/pagan/pagan (119).jpeg,pagan
img/pagan/pagan (11).jpeg,pagan
img/pagan/pagan (162).jpeg,pagan
img/pagan/pagan (18).jpeg,pagan
img/pagan/pagan (161).jpeg,pagan
img/pagan/pagan (151).jpeg,pagan
img/pagan/pagan (81).jpeg,pagan
img/pagan/pagan (76).jpeg,pagan
img/tech/tech (18).jpeg,tech
img/tech/tech (63).jpeg,tech
img/tech/tech (48).jpeg,tech
img/tech/tech (79).jpeg,tech
img/tech/tech (211).jpeg,tech
img/tech/tech (147).jpeg,tech
img/tech/tech (52).jpeg,tech
img/tech/tech (60).jpeg,tech
img/tech/tech (54).jpeg,tech
img/tech/tech (99).jpeg,tech
img/tech/tech (53).jpeg,tech
img/tech/tech (51).jpeg,tech
img/tech/tech (135).jpeg,tech
img/tech/tech (21).jpeg,tech
img/tech/tech (132).jpeg,tech
img/tech/tech (181).jpeg,tech
img/tech/tech (111).jpeg,tech
img/tech/tech (83).jpeg,tech
img/tech/tech (55).jpeg,tech
img/tech/tech (148).jpeg,tech
img/tech/tech (116).jpeg,tech
img/tech/tech (94).jpeg,tech
img/tech/tech (218).jpeg,tech
img/tech/tech (31).jpeg,tech
img/tech/tech (90).jpeg,tech
img/tech/tech (134).jpeg,tech
img/tech/tech (206).jpeg,tech
img/tech/tech (194).jpeg,tech
img/tech/tech (72).jpeg,tech
img/tech/tech (58).jpeg,tech
img/tech/tech (3).jpeg,tech
img/tech/tech (160).jpeg,tech
img/tech/tech (57).jpeg,tech
img/tech/tech (26).jpeg,tech
img/tech/tech (161).jpeg,tech
img/tech/tech (173).jpeg,tech
img/tech/tech (127).jpeg,tech
img/tech/tech (166).jpeg,tech
img/tech/tech (2).jpeg,tech
img/tech/tech (146).jpeg,tech
img/tech/tech (75).jpeg,tech
img/tech/tech (129).jpeg,tech
img/tech/tech (66).jpeg,tech
img/tech/tech (190).jpeg,tech
img/tech/tech (65).jpeg,tech
img/tech/tech (208).jpeg,tech
img/tech/tech (95).jpeg,tech
img/tech/tech (100).jpeg,tech
img/tech/tech (140).jpeg,tech
img/tech/tech (196).jpeg,tech
img/tech/tech (185).jpeg,tech
img/tech/tech (107).jpeg,tech
img/tech/tech (36).jpeg,tech
img/tech/tech (198).jpeg,tech
img/tech/tech (183).jpeg,tech
img/tech/tech (204).jpeg,tech
img/tech/tech (109).jpeg,tech
img/tech/tech (118).jpeg,tech
img/tech/tech (145).jpeg,tech
img/tech/tech (7).jpeg,tech
img/tech/tech (197).jpeg,tech
img/tech/tech (112).jpeg,tech
img/tech/tech (22).jpeg,tech
img/tech/tech (142).jpeg,tech
img/tech/tech (199).jpeg,tech
img/tech/tech (152).jpeg,tech
img/tech/tech (106).jpeg,tech
img/tech/tech (44).jpeg,tech
img/tech/tech (13).jpeg,tech
img/tech/tech (121).jpeg,tech
img/tech/tech (203).jpeg,tech
img/tech/tech (4).jpeg,tech
img/tech/tech (1).jpeg,tech
img/tech/tech (124).jpeg,tech
img/tech/tech (209).jpeg,tech
img/tech/tech (167).jpeg,tech
img/tech/tech (80).jpeg,tech
img/tech/tech (23).jpeg,tech
img/tech/tech (85).jpeg,tech
img/tech/tech (102).jpeg,tech
img/tech/tech (120).jpeg,tech
img/tech/tech (67).jpeg,tech
img/tech/tech (40).jpeg,tech
img/tech/tech (210).jpeg,tech
img/tech/tech (122).jpeg,tech
img/tech/tech (176).jpeg,tech
img/tech/tech (117).jpeg,tech
img/tech/tech (10).jpeg,tech
img/tech/tech (215).jpeg,tech
img/tech/tech (103).jpeg,tech
img/tech/tech (20).jpeg,tech
img/tech/tech (136).jpeg,tech
img/tech/tech (27).jpeg,tech
img/tech/tech (205).jpeg,tech
img/tech/tech (158).jpeg,tech
img/tech/tech (97).jpeg,tech
img/tech/tech (81).jpeg,tech
img/tech/tech (187).jpeg,tech
img/tech/tech (137).jpeg,tech
img/tech/tech (70).jpeg,tech
img/tech/tech (201).jpeg,tech
img/tech/tech (114).jpeg,tech
img/tech/tech (9).jpeg,tech
img/tech/tech (43).jpeg,tech
img/tech/tech (110).jpeg,tech
img/tech/tech (96).jpeg,tech
img/tech/tech (200).jpeg,tech
img/tech/tech (62).jpeg,tech
img/tech/tech (69).jpeg,tech
img/tech/tech (216).jpeg,tech
img/tech/tech (126).jpeg,tech
img/tech/tech (141).jpeg,tech
img/tech/tech (37).jpeg,tech
img/tech/tech (17).jpeg,tech
img/tech/tech (207).jpeg,tech
img/tech/tech (14).jpeg,tech
img/tech/tech (188).jpeg,tech
img/tech/tech (59).jpeg,tech
img/tech/tech (30).jpeg,tech
img/tech/tech (133).jpeg,tech
img/tech/tech (159).jpeg,tech
img/tech/tech (34).jpeg,tech
img/tech/tech (28).jpeg,tech
img/tech/tech (156).jpeg,tech
img/tech/tech (64).jpeg,tech
img/tech/tech (184).jpeg,tech
img/tech/tech (101).jpeg,tech
img/tech/tech (76).jpeg,tech
img/tech/tech (105).jpeg,tech
img/tech/tech (86).jpeg,tech
img/tech/tech (38).jpeg,tech
img/tech/tech (87).jpeg,tech
img/tech/tech (33).jpeg,tech
img/tech/tech (182).jpeg,tech
img/tech/tech (162).jpeg,tech
img/tech/tech (5).jpeg,tech
img/tech/tech (47).jpeg,tech
img/tech/tech (82).jpeg,tech
img/tech/tech (192).jpeg,tech
img/tech/tech (153).jpeg,tech
img/tech/tech (92).jpeg,tech
img/tech/tech (128).jpeg,tech
img/tech/tech (91).jpeg,tech
img/tech/tech (50).jpeg,tech
img/tech/tech (172).jpeg,tech
img/tech/tech (25).jpeg,tech
img/tech/tech (157).jpeg,tech
img/tech/tech (214).jpeg,tech
img/tech/tech (144).jpeg,tech
img/tech/tech (84).jpeg,tech
img/tech/tech (6).jpeg,tech
img/tech/tech (179).jpeg,tech
img/tech/tech (186).jpeg,tech
img/tech/tech (15).jpeg,tech
img/tech/tech (212).jpeg,tech
img/tech/tech (71).jpeg,tech
img/tech/tech (68).jpeg,tech
img/tech/tech (193).jpeg,tech
img/tech/tech (8).jpeg,tech
img/tech/tech (32).jpeg,tech
img/tech/tech (139).jpeg,tech
img/tech/tech (177).jpeg,tech
img/tech/tech (77).jpeg,tech
img/tech/tech (191).jpeg,tech
img/tech/tech (108).jpeg,tech
img/tech/tech (171).jpeg,tech
img/tech/tech (74).jpeg,tech
img/tech/tech (143).jpeg,tech
img/tech/tech (180).jpeg,tech
img/tech/tech (35).jpeg,tech
img/tech/tech (41).jpeg,tech
img/tech/tech (151).jpeg,tech
img/tech/tech (39).jpeg,tech
img/tech/tech (78).jpeg,tech
img/tech/tech (165).jpeg,tech
img/tech/tech (12).jpeg,tech
img/tech/tech (163).jpeg,tech
img/tech/tech (19).jpeg,tech
img/tech/tech (93).jpeg,tech
img/tech/tech (98).jpeg,tech
img/tech/tech (149).jpeg,tech
img/tech/tech (89).jpeg,tech
img/tech/tech (56).jpeg,tech
img/tech/tech (88).jpeg,tech
img/tech/tech (164).jpeg,tech
img/tech/tech (175).jpeg,tech
img/tech/tech (130).jpeg,tech
img/tech/tech (178).jpeg,tech
img/tech/tech (123).jpeg,tech
img/tech/tech (46).jpeg,tech
img/tech/tech (119).jpeg,tech
img/tech/tech (155).jpeg,tech
img/tech/tech (113).jpeg,tech
img/tech/tech (73).jpeg,tech
img/tech/tech (213).jpeg,tech
img/tech/tech (150).jpeg,tech
img/tech/tech (42).jpeg,tech
img/tech/tech (125).jpeg,tech
img/tech/tech (169).jpeg,tech
img/tech/tech (61).jpeg,tech
img/tech/tech (154).jpeg,tech
img/tech/tech (131).jpeg,tech
img/tech/tech (49).jpeg,tech
img/tech/tech (16).jpeg,tech
img/tech/tech (138).jpeg,tech
img/tech/tech (168).jpeg,tech
img/tech/tech (195).jpeg,tech
img/tech/tech (170).jpeg,tech
img/tech/tech (115).jpeg,tech
img/tech/tech (217).jpeg,tech
img/tech/tech (174).jpeg,tech
img/tech/tech (24).jpeg,tech
img/tech/tech (11).jpeg,tech
img/tech/tech (45).jpeg,tech
img/tech/tech (104).jpeg,tech
img/tech/tech (29).jpeg,tech
img/tech/tech (189).jpeg,tech
img/tech/tech (202).jpeg,tech
